"","X","site","region","probe","p.slp","p.rsq","p.se","r.slp","r.rsq","r.se","tempO2_PS","tempO2_R","parPS","parR","tempHOBO_PS","tempHOBO_R","successful","location","description","dominant","chamber","siteRep","SAcm2","SAm2","Volcm3","Volm3","PA","Rug"
"1","mins","site01","GBR","P1",9.6,0.903,0.660323999960715,-10.4,0.902,0.598450515529051,27.6872,27.6417142857143,6382.592,578.025714285714,29.44228,28.0114428571429,"y","Casuarina","massive porites medium","Porites","bl 1","site01",4154.90584011052,0.415490584011052,10672.560546875,0.010672560546875,0.188269877526,2.2068882684309
"2","mins1","site01","GBR","P2",8.7,0.901,0.600743472141644,-10.5,0.911,0.572263470989483,27.7776,27.5828571428571,6382.592,578.025714285714,29.44228,28.0114428571429,"y","Casuarina","massive porites medium","Porites","bl 1","site01",4154.90584011052,0.415490584011052,10672.560546875,0.010672560546875,0.188269877526,2.2068882684309
"3","mins2","site02","GBR","P3",47.9,0.96,2.19406355421961,-23.9,0.987,0.556775217957822,27.6709090909091,27.5444444444444,4198.67954545455,0,28.1612954545455,27.7767222222222,"y","Casuarina","dead branching","Turf_dead","bl 2","site02",11315.0503694442,1.13150503694442,21489.49609375,0.02148949609375,0.2348234351145,4.81853540892415
"4","mins3","site02","GBR","P4",45.4,0.963,1.97614261004915,-22.4,0.986,0.530433810566192,27.7409090909091,27.6392592592593,4198.67954545455,0,28.1612954545455,27.7767222222222,"y","Casuarina","dead branching","Turf_dead","bl 2","site02",11315.0503694442,1.13150503694442,21489.49609375,0.02148949609375,0.2348234351145,4.81853540892415
"5","mins4","site03","GBR","P1",15.4,0.877,1.15247079255852,-11.7,0.962,0.436489778027482,28.7222222222222,28.5793333333333,5469.68148148148,0.18,29.2816296296296,28.73595,"y","Casuarina","staghorn","Acropora","bl 1","site03",7051.19964427085,0.705119964427085,1504.73681640625,0.00150473681640625,0.1896518796835,3.71796981713982
"6","mins5","site03","GBR","P2",17.2,0.928,0.957744775630872,-28.9,0.984,0.68923368450223,28.8666666666667,28.526,5469.68148148148,0.18,29.2816296296296,28.73595,"y","Casuarina","staghorn","Acropora","bl 1","site03",7051.19964427085,0.705119964427085,1504.73681640625,0.00150473681640625,0.1896518796835,3.71796981713982
"7","mins6","site04","GBR","P3",9.3,0.95,0.427950622191728,-6.9,0.932,0.345228336507024,28.6903703703704,28.5193548387097,7558.68703703704,124.475806451613,29.464962962963,28.7365322580645,"y","Casuarina","massive porites small","Porites","bl 2","site04",3379.50724807031,0.337950724807031,3046.97192382812,0.00304697192382812,0.1971041899845,1.71457910069597
"8","mins7","site04","GBR","P4",8.6,0.934,0.456008130973153,-6.6,0.959,0.25108308926531,28.7066666666667,28.6006451612903,7558.68703703704,124.475806451613,29.464962962963,28.7365322580645,"y","Casuarina","massive porites small","Porites","bl 2","site04",3379.50724807031,0.337950724807031,3046.97192382812,0.00304697192382812,0.1971041899845,1.71457910069597
"9","mins8","site05","GBR","P1",20.5,0.769,2.12609524557984,-16.2,0.878,1.14317223201388,27.5613333333333,27.4046666666667,2658.33333333333,0.718333333333333,29.3041333333333,27.55695,"y","Outer Jo's","foliose echino","Foliose","bl 1","site05",6747.90741651777,0.674790741651777,7830.3046875,0.0078303046875,0.206991870817,3.25998667961388
"10","mins9","site05","GBR","P4",20.5,0.826,1.78023154282393,-16.1,0.993,0.25242098082487,27.4233333333333,27.378,2658.33333333333,0.718333333333333,29.3041333333333,27.55695,"y","Outer Jo's","foliose echino","Foliose","bl 1","site05",6747.90741651777,0.674790741651777,7830.3046875,0.0078303046875,0.206991870817,3.25998667961388
"11","mins10","site06","GBR","P2",11.2,0.971,0.368317033189718,-5.3,0.926,0.290944830799708,27.8226666666667,27.4365517241379,6231.59666666667,85.9275862068965,29.1839833333333,27.6364482758621,"y","Outer Jo's","branching echino","Branching_other","bl 2","site06",3978.78191916812,0.397878191916812,1668.325,0.001668325,0.20990355113,1.8955286357704
"12","mins11","site06","GBR","P3",21.3,0.826,1.84817114286255,-4.4,0.909,0.269245526776207,27.6473333333333,27.3841379310345,6231.59666666667,85.9275862068965,29.1839833333333,27.6364482758621,"y","Outer Jo's","branching echino","Branching_other","bl 2","site06",3978.78191916812,0.397878191916812,1668.325,0.001668325,0.20990355113,1.8955286357704
"13","mins12","site07","GBR","P1",10.1,0.949,0.444130841146439,-20.6,0.984,0.507714327135654,27.9766666666667,27.9014285714286,2800.24166666667,0,28.2976,28.0158035714286,"y","Jo's cove","Acro corym","Acropora","bl 1","site07",6034.71186057112,0.603471186057112,6802.80810546875,0.00680280810546875,0.1845302371375,3.27031057575374
"14","mins13","site07","GBR","P2",9.4,0.524,1.68483875536824,-35.2,0.756,3.92333189040599,27.916,27.8385714285714,2800.24166666667,0,28.2976,28.0158035714286,"y","Jo's cove","Acro corym","Acropora","bl 1","site07",6034.71186057112,0.603471186057112,6802.80810546875,0.00680280810546875,0.1845302371375,3.27031057575374
"15","mins14","site09","GBR","P1",18.2,0.883,1.19416065519584,-4.6,0.644,0.676942868717027,27.4793939393939,27.3637037037037,15109.9939393939,0,28.609696969697,27.4499814814815,"y","Outer Jo's","branching por small","Branching_other","bl 1","site09",3734.79362748406,0.373479362748406,2978.84692382812,0.00297884692382812,0.2063855848835,1.80961942162398
"16","mins15","site09","GBR","P2",8.9,0.895,0.54825071544544,-20,0.932,1.08149305792515,27.3836363636364,27.3162962962963,15109.9939393939,0,28.609696969697,27.4499814814815,"y","Outer Jo's","branching por small","Branching_other","bl 1","site09",3734.79362748406,0.373479362748406,2978.84692382812,0.00297884692382812,0.2063855848835,1.80961942162398
"17","mins16","site10","GBR","P3",10.8,0.356,2.73507768439706,-79.1,0.867,6.06371726243513,27.1866666666667,27.1492857142857,6151.23833333333,8.84107142857143,27.9777,27.3630892857143,"y","Outer Jo's","Poc + fish 2","Pocillopora_fish","bl 2","site10",11853.3071028934,1.18533071028934,15871.087890625,0.015871087890625,0.2079797076135,5.69926135530541
"18","mins17","site10","GBR","P4",26.3,0.973,0.826899604516885,-37.5,0.907,2.35524443290946,27.3253333333333,27.2185714285714,6151.23833333333,8.84107142857143,27.9777,27.3630892857143,"y","Outer Jo's","Poc + fish 2","Pocillopora_fish","bl 2","site10",11853.3071028934,1.18533071028934,15871.087890625,0.015871087890625,0.2079797076135,5.69926135530541
"19","mins18","site11","GBR","P1",12,0.929,0.606445959833522,-20.3,0.974,0.650285342121215,28.055,27.9864285714286,4335.8515625,9.99642857142857,29.0954375,28.13425,"y","Jo's cove","coscinarea","Mound_other","bl 1","site11",8510.3555932977,0.85103555932977,12610.4609375,0.0126104609375,0.217105733909,3.91991286460671
"20","mins19","site11","GBR","P2",20.3,0.93,1.0128020065859,-20.4,0.971,0.691097213031543,28.396875,27.9342857142857,4335.8515625,9.99642857142857,29.0954375,28.13425,"y","Jo's cove","coscinarea","Mound_other","bl 1","site11",8510.3555932977,0.85103555932977,12610.4609375,0.0126104609375,0.217105733909,3.91991286460671
"21","mins20","site12","GBR","P3",7.5,0.718,0.873338552209425,-13.3,0.745,1.52272949807967,28.0354838709677,27.9571428571429,1806.43225806452,5.77321428571429,29.1362741935484,28.1855178571429,"y","Jo's cove","small poc","Pocillopora","bl 2","site12",4157.05669778888,0.415705669778888,12841.8,0.0128418,0.2533489475445,1.64084229995023
"22","mins21","site12","GBR","P4",11.2,0.836,0.920216747584712,-3.9,0.709,0.49135021311064,28.1909677419355,28.0392857142857,1806.43225806452,5.77321428571429,29.1362741935484,28.1855178571429,"y","Jo's cove","small poc","Pocillopora","bl 2","site12",4157.05669778888,0.415705669778888,12841.8,0.0128418,0.2533489475445,1.64084229995023
"23","mins22","site13","GBR","P1",8.3,0.87,0.644554891096641,-8,0.858,0.680713014703649,27.7762962962963,27.9288,6845.87407407407,372.216,28.6859074074074,28.14526,"y","Casuarina","small stag","Acropora","bl 1","site13",3978.79850287924,0.397879850287924,4557.591796875,0.004557591796875,0.233775015114,1.70197764758522
"24","mins23","site13","GBR","P2",8.1,0.832,0.727871385094909,-14.9,0.794,1.58080767963396,27.7592592592593,27.8744,6845.87407407407,372.216,28.6859074074074,28.14526,"y","Casuarina","small stag","Acropora","bl 1","site13",3978.79850287924,0.397879850287924,4557.591796875,0.004557591796875,0.233775015114,1.70197764758522
"25","mins24","site14","GBR","P3",9.7,0.929,0.557196758268349,-7.4,0.849,0.738834195280496,27.892,27.919,4834.306,4.8475,29.25052,28.156525,"y","Casuarina","por and rock","Porites","bl 2","site14",3656.65291415964,0.365665291415964,7318.34228515625,0.00731834228515625,0.2368068870135,1.54414973325973
"26","mins25","site14","GBR","P4",4.6,0.4,1.18561721959798,-10.9,0.708,1.65640840251571,27.8968,27.995,4834.306,4.8475,29.25052,28.156525,"y","Casuarina","por and rock","Porites","bl 2","site14",3656.65291415964,0.365665291415964,7318.34228515625,0.00731834228515625,0.2368068870135,1.54414973325973
"27","mins26","site15","GBR","P1",3.6,0.77,0.393738344548262,-8.5,0.973,0.306096343437905,29.0792592592593,29.0286956521739,9056.67592592593,5.85,30.3342777777778,29.1871739130435,"y","Casuarina","small por/fav","Mound_other","bl 1","site15",3493.73616740179,0.349373616740179,4432.74365234375,0.00443274365234375,0.2606563165675,1.34036121334395
"28","mins27","site15","GBR","P2",4.9,0.841,0.42776246198594,-9,0.974,0.324958550432316,29.0637037037037,28.98,9056.67592592593,5.85,30.3342777777778,29.1871739130435,"y","Casuarina","small por/fav","Mound_other","bl 1","site15",3493.73616740179,0.349373616740179,4432.74365234375,0.00443274365234375,0.2606563165675,1.34036121334395
"29","mins28","site16","GBR","P3",22.8,0.948,1.01297490056775,-74.7,0.991,1.7586068934764,28.9106666666667,28.9105263157895,2633.94333333333,0,29.4303333333333,29.1442894736842,"y","Casuarina","large favid","Mound_other","bl 2","site16",8611.31670818228,0.861131670818228,32304.97265625,0.03230497265625,0.2456525453675,3.50548645661278
"30","mins29","site16","GBR","P4",23.3,0.975,0.706764961126493,-76.1,0.996,1.18393338499184,28.9806666666667,29.0042105263158,2633.94333333333,0,29.4303333333333,29.1442894736842,"y","Casuarina","large favid","Mound_other","bl 2","site16",8611.31670818228,0.861131670818228,32304.97265625,0.03230497265625,0.2456525453675,3.50548645661278
"31","mins30","site17","GBR","P2",46.9,0.991,0.828290450676733,-19.2,0.995,0.265143345392572,27.3606666666667,27.4433333333333,13708.9866666667,172.94,29.0661333333333,27.7081,"y","Casuarina","Turf rock","Turf_dead","bl 1","site17",4855.4954165684,0.48554954165684,10514.185546875,0.010514185546875,0.251822022573,1.92814566691079
"32","mins31","site18","GBR","P3",60,0.999,0.299726096664014,-79,0.994,1.30139245842535,27.3404444444444,27.5816,7942.6,0.862,28.5238444444444,27.85438,"y","Casuarina","Acro corym2","Acropora","bl 2","site18",10009.8761389939,1.00098761389939,13445.3115234375,0.0134453115234375,0.219186866626,4.56682295480496
"33","mins32","site18","GBR","P4",60.1,0.999,0.313300811847852,-80.6,0.995,1.19211024365751,27.4622222222222,27.6752,7942.6,0.862,28.5238444444444,27.85438,"y","Casuarina","Acro corym2","Acropora","bl 2","site18",10009.8761389939,1.00098761389939,13445.3115234375,0.0134453115234375,0.219186866626,4.56682295480496
"34","mins33","site19","GBR","P1",47.5,0.996,0.542812233139335,-18.5,0.996,0.242375149721179,27.3466666666667,27.5325925925926,15855.3069444444,630.094444444444,29.0034722222222,27.6944814814815,"y","Casuarina","Monti","Mound_other","wh 3","site19",4225.68226608441,0.422568226608441,13519.8310546875,0.0135198310546875,0.2278845627925,1.85430825778756
"35","mins34","site20","GBR","P2",11.8,0.953,0.587434272308488,-22.2,0.977,0.672184399623429,29.3581818181818,29.0564285714286,4396.58181818182,0,30.0422272727273,29.2145,"y","Casuarina","A. sarmentosa","Acropora","bl 1","site20",6865.44902746216,0.686544902746216,8349.6513671875,0.0083496513671875,0.260090004957,2.63964354516322
"36","mins35","site21","GBR","P3",13.9,0.892,1.33939865213682,-29.3,0.989,0.599238206010225,29.2173333333333,29.0124137931034,10987.4966666667,0,30.1715333333333,29.2192413793103,"y","Casuarina","Folio-soft","Soft coral","bl 2","site21",6756.72022624998,0.675672022624998,11200,0.0112,0.2325277618375,2.90576926077836
"37","mins36","site21","GBR","P4",11.1,0.91,0.968161387915653,-27.6,0.993,0.437291618404689,29.1973333333333,29.0848275862069,10987.4966666667,0,30.1715333333333,29.2192413793103,"y","Casuarina","Folio-soft","Soft coral","bl 2","site21",6756.72022624998,0.675672022624998,11200,0.0112,0.2325277618375,2.90576926077836
"38","mins37","site22","GBR","P1",6.9,0.639,1.49579776063069,-7.5,0.948,0.32545645249754,29.1785714285714,29.0574193548387,7399.44285714286,343.225806451613,30.1222857142857,29.1379032258065,"y","Casuarina","Soft coral","Soft coral","wh 3","site22",4792.34335619081,0.479234335619081,2680.16918945312,0.00268016918945312,0.232978446237,2.05699000641276
"39","mins38","site23","GBR","P3",13.8,0.88,0.965021110134074,-17,0.716,2.1050262252514,27.33,27.2978571428571,3714.29,0,28.5695333333333,27.4962857142857,"y","Watsons","white poc","Pocillopora","bl 1","site23",4946.17338938061,0.494617338938061,2227.10986328125,0.00222710986328125,0.225563180517,2.19281062540605
"40","mins39","site24","GBR","P1",32,0.977,0.936275021844212,-9.8,0.945,0.500564497748331,27.5275862068966,27.4516666666667,2306.45689655172,0,28.8575,27.5874791666667,"y","Watsons","dead poc","Turf_dead","bl 2","site24",5044.52717983916,0.504452717983916,6757.29931640625,0.00675729931640625,0.228069647914,2.21183626404393
"41","mins40","site25","GBR","P2",9,0.927,0.395803220900855,-9,0.777,1.13443340588693,27.553488372093,27.439,6520.45348837209,270.995,28.5427441860465,27.57165,"y","Watsons","sandy porites","Porites","wh 3","site25",3193.44168430247,0.319344168430247,4878.7265625,0.0048787265625,0.1946770466225,1.64037915085845
"42","mins41","site26","GBR","P1",13,0.961,0.547903363941255,-20,0.974,0.568652956953718,29.26,28.8971428571429,3571.256,0,30.00958,29.0158428571429,"y","Casuarina","soft x 2","Soft coral","bl 1","site26",7223.85287235186,0.722385287235186,1892.95788574219,0.00189295788574219,0.244846972763,2.95035417053908
"43","mins42","site27","GBR","P3",19.1,0.955,0.742480925863702,-10.2,0.981,0.275196632711155,29.1218181818182,29.0144827586207,4634.37424242424,50.4793103448276,30.4329242424242,29.2727413793103,"y","Casuarina","seagrass","Seagrass","bl 2","site27",3107.90850198374,0.310790850198374,479.808074951172,0.000479808074951172,0.2243525815925,1.38527868942857
"44","mins43","site27","GBR","P4",15.1,0.96,0.55283487628218,-10.6,0.977,0.312785254472959,29.1448484848485,29.0986206896552,4634.37424242424,50.4793103448276,30.4329242424242,29.2727413793103,"y","Casuarina","seagrass","Seagrass","bl 2","site27",3107.90850198374,0.310790850198374,479.808074951172,0.000479808074951172,0.2243525815925,1.38527868942857
"45","mins44","site28","GBR","P2",8.6,0.546,1.32874901954216,-5.6,0.683,0.853836348402332,29.1648648648649,28.7536363636364,8501.77972972973,119.615909090909,30.3475675675676,28.86025,"y","Casuarina","tiny poc","Pocillopora","wh 3","site28",2700.15650600885,0.270015650600885,2009.47814941406,0.00200947814941406,0.203639143562,1.32595161164914
"46","mins45","site29","GBR","P4",42.2,0.989,0.800651322977398,-29.1,0.965,1.06706198640817,26.9075,27.0379310344828,8648.834375,0,28.165359375,27.1918103448276,"y","Mermaids Cove","SC reef","Soft coral","bl 2","site29",5543.1833936453,0.55431833936453,10919.2353515625,0.0109192353515625,0.227967803527,2.43156415418495
"47","mins46","site30","GBR","P2",22.5,0.9,1.41637682131204,-3.4,0.877,0.268696803405166,27.3773333333333,27.05,8691.53333333333,266.63125,28.2233833333333,27.1404166666667,"y","Mermaids Cove","juvy acro","Turf_dead","wh 3","site30",3092.93517249946,0.309293517249946,1362.81091308594,0.00136281091308594,0.1966880788675,1.57250769355627
"48","mins47","site31","GBR","P1",25.5,0.964,0.876574859142282,-12.9,0.984,0.327820068903491,27.1605882352941,27.1103703703704,6075.92647058824,243.187037037037,28.1939411764706,27.279037037037,"y","Mermaids Cove","dead stag","Turf_dead","bl 1","site31",7106.40809034793,0.710640809034793,6981.1376953125,0.0069811376953125,0.2198463194775,3.23244351201214
"49","mins48","site32","GBR","P3",21.5,0.987,0.372751949857584,-27.7,0.963,1.00138051037017,27.348,27.3670967741935,10321.9277777778,0,28.5808222222222,27.5955161290323,"y","Mermaids Cove","pori SC shallow","Porites","bl 1","site32",4832.35672127079,0.483235672127079,11695.255859375,0.011695255859375,0.1840649387865,2.62535426525522
"50","mins49","site32","GBR","P4",22.1,0.993,0.283151024733544,-39.7,0.981,1.02665942108486,27.4644444444444,27.4425806451613,10321.9277777778,0,28.5808222222222,27.5955161290323,"y","Mermaids Cove","pori SC shallow","Porites","bl 1","site32",4832.35672127079,0.483235672127079,11695.255859375,0.011695255859375,0.1840649387865,2.62535426525522
"51","mins50","site33","GBR","P2",9.3,0.917,0.511354658193164,-6.1,0.926,0.319871830157471,NA,27.3348387096774,8903.4303030303,389.06935483871,28.6609090909091,27.4492903225806,"y","Mermaids Cove","baby pori","Porites","wh 3","site33",2786.29834451169,0.278629834451169,1822.02294921875,0.00182202294921875,0.1887377993025,1.47627997931985
"52","mins51","site34","GBR","P1",28.6,0.999,0.16372438030921,-49.3,0.998,0.386280679829356,27.4572727272727,27.4453333333333,5613.64204545455,0,29.1230568181818,27.5635,"y","Mermaids Cove","pori deep","Porites","bl 2","site34",6855.49013987776,0.685549013987776,24726.234375,0.024726234375,0.205074357821,3.34292898084392
"53","mins52","site35","GBR","P1",33.5,0.978,0.932790222656347,-20.5,0.967,0.726332055903657,27.2245161290323,26.8634482758621,5625.02258064516,218.255172413793,28.4741290322581,26.9601551724138,"y","Sterlings patch","branching pori","Branching_other","wh 3","site35",7335.76011714375,0.733576011714375,8099.173828125,0.008099173828125,0.1881096865405,3.89972481059042
"54","mins53","site36","GBR","P2",33.2,0.995,0.470967863034013,-8,0.898,0.857606138000326,26.765,26.905,11794.2303571429,168.6375,27.8274642857143,27.1119166666667,"y","Sterlings patch","mass por","Porites","bl 1","site36",6252.8299134855,0.62528299134855,28000,0.028,0.198248014459,3.15404415552351
"55","mins54","site37","GBR","P3",24.2,0.979,0.694023774717373,-24.7,0.963,0.96285140123267,26.7071428571429,26.92,4891.45357142857,0.2,27.5193392857143,27.215037037037,"y","Sterlings patch","monti branch","Branching_other","bl 2","site37",5996.96976308124,0.599696976308124,9373.728515625,0.009373728515625,0.1869659368395,3.20751997099306
"56","mins55","site37","GBR","P4",25.3,0.958,1.0429766295539,-40.5,0.959,1.6787414012913,26.7342857142857,27.0007407407407,4891.45357142857,0.2,27.5193392857143,27.215037037037,"y","Sterlings patch","monti branch","Branching_other","bl 2","site37",5996.96976308124,0.599696976308124,9373.728515625,0.009373728515625,0.1869659368395,3.20751997099306
"57","mins56","site38","GBR","P1",23.8,0.976,0.711613539955275,-7.3,0.774,0.719440097417404,26.8653333333333,27.064375,6578.92,210.071875,28.2965833333333,27.170265625,"y","Sterlings patch","favi medium","Mound_other","wh 3","site38",3154.2003481401,0.31542003481401,6515.275390625,0.006515275390625,0.168203322774,1.87523070063135
"58","mins57","site39","GBR","P2",6.4,0.972,0.206210806407489,-6.7,0.854,0.526117030316858,26.8573333333333,27.1326666666667,6544.47833333333,0,27.9710833333333,27.3291333333333,"y","Sterlings patch","favi small","Mound_other","bl 1","site39",2526.94355591652,0.252694355591652,2737.27514648438,0.00273727514648438,0.196769830536,1.2842129045053
"59","mins58","site40","GBR","P3",25.9,0.982,0.698115211681578,-72.9,0.887,5.21150116852963,26.8622222222222,27.0940740740741,21730.4407407407,912.346296296297,27.751537037037,27.3591666666667,"y","Sterlings patch","softy","Soft coral","bl 2","site40",6520.19319309842,0.652019319309842,7110.3779296875,0.0071103779296875,0.21903352948,2.97680140961879
"60","mins59","site40","GBR","P4",21.4,0.982,0.577522391367523,-18.8,0.901,1.24719342896935,26.9340740740741,27.1607407407407,21730.4407407407,912.346296296297,27.751537037037,27.3591666666667,"y","Sterlings patch","softy","Soft coral","bl 2","site40",6520.19319309842,0.652019319309842,7110.3779296875,0.0071103779296875,0.21903352948,2.97680140961879
"61","mins60","site41","GBR","P1",51.1,0.999,0.325487349473761,-23.2,0.98,1.3415985320935,27.5707142857143,27.8275,33460.5392857143,0,29.1487142857143,27.961,"y","exposed lagoon","big iso","Acropora","wh 4","site41",5431.14384040684,0.543114384040684,7031.67724609375,0.00703167724609375,0.18543008175,2.92894431645088
"62","mins61","site42","GBR","P3",13.2,0.995,0.142236933226129,-6,0.85,1.0194629030688,27.7027272727273,27.7825,15030.8886363636,5532.6875,28.7326136363636,28.072375,"y","exposed lagoon","small iso","Acropora","bl 1","site42",3720.64380481864,0.372064380481864,3889.51318359375,0.00388951318359375,0.2071451333515,1.7961531340952
"63","mins62","site43","GBR","P2",16.5,0.958,0.469979665897767,-11.2,0.977,0.42206191384735,27.45,27.6578947368421,25662.825,180.152631578947,28.93725,27.9453684210526,"y","exposed lagoon","small stag","Acropora","wh 3","site43",4725.0539037326,0.47250539037326,1866.96362304688,0.00186696362304688,0.21460992002,2.20169407979476
"64","mins63","site44","GBR","P4",34.3,0.997,0.386429759580028,-31.1,0.995,0.57474015706778,27.5173913043478,27.64375,10222.9456521739,0.3375,28.6482391304348,27.8069375,"y","exposed lagoon","large stag","Acropora","bl 2","site44",6236.59813502014,0.623659813502014,1504.73681640625,0.00150473681640625,0.23580608848,2.64479945162616
"65","mins64","site45","GBR","P2",9.8,0.946,0.499246725927552,-5.7,0.704,0.719702334083606,26.775,26.835,5349.68333333333,38.4464285714286,27.5912916666667,27.0680714285714,"y","casuarina","table coral","Acropora","bl 1","site45",4416.11432921982,0.441611432921982,6943.32275390625,0.00694332275390625,0.2308567616315,1.91292396982894
"66","mins65","site46","GBR","P4",3.9,0.906,0.418796210942011,-4.6,0.969,0.165265721468483,26.9436363636364,26.9303703703704,3746.82727272727,8.37037037037037,28.0240909090909,27.086037037037,"y","casuarina","tiny pori","Porites","bl 2","site46",2183.17255981575,0.218317255981575,226,0.000226,0.1883464817285,1.15912574515874
"67","mins66","site47","GBR","P1",30.5,0.975,1.01214518218606,-45.6,0.998,0.470746239219706,26.8672,26.9217391304348,4908.368,114.65652173913,28.04436,27.1262608695652,"y","casuarina","sarmentosa L","Acropora","wh 4","site47",7488.62739171587,0.748862739171587,7578.37646484375,0.00757837646484375,0.2104411394135,3.55853775197506
"68","mins67","site47","GBR","P3",33,0.967,1.26494767338956,-48.3,0.998,0.443150486820864,26.7712,26.8260869565217,4908.368,114.65652173913,28.04436,27.1262608695652,"y","casuarina","sarmentosa L","Acropora","wh 4","site47",7488.62739171587,0.748862739171587,7578.37646484375,0.00757837646484375,0.2104411394135,3.55853775197506
"69","mins68","site45","GBR","P2",-12.5,0.061,7.97200375639356,NA,NA,NA,26.913,NA,9821.03,NA,28.4546,NA,"y","casuarina","table coral","Acropora","wh 4","site45_swap",4416.11432921982,0.441611432921982,6943.32275390625,0.00694332275390625,0.2308567616315,1.91292396982894
"70","mins69","site46","GBR","P4",22.4,0.876,1.75617108120992,NA,NA,NA,27.5792,NA,4826.992,NA,28.38496,NA,"y","casuarina","tiny pori","Porites","bl 1","site46_swap",2183.17255981575,0.218317255981575,226,0.000226,0.1883464817285,1.15912574515874
"71","mins70","site47","GBR","P1",10.1,0.992,0.184720873101572,NA,NA,NA,26.6815384615385,NA,924.457692307692,NA,27.3964615384615,NA,"y","casuarina","sarmentosa L","Acropora","bl 2","site47_swap",7488.62739171587,0.748862739171587,7578.37646484375,0.00757837646484375,0.2104411394135,3.55853775197506
"72","mins71","site47","GBR","P3",10.5,0.99,0.219172587426796,NA,NA,NA,26.5923076923077,NA,924.457692307692,NA,27.3964615384615,NA,"y","casuarina","sarmentosa L","Acropora","bl 2","site47_swap",7488.62739171587,0.748862739171587,7578.37646484375,0.00757837646484375,0.2104411394135,3.55853775197506
"73","mins72","site48","GBR","P1",16.3,0.985,0.425795461633773,-22.9,0.896,1.62681336948355,28.2704,28.2768,15899.662,6.46,29.36624,28.41452,"y","casuarina","acro_algae","Acropora","wh 3","site48",4125.81795408476,0.412581795408476,6419.1337890625,0.0064191337890625,0.2029115337785,2.03330874162557
"74","mins73","site48","GBR","P3",16.1,0.949,0.780108704568891,-23.6,0.985,0.61129914755409,28.2032,28.1904,15899.662,6.46,29.36624,28.41452,"y","casuarina","acro_algae","Acropora","wh 3","site48",4125.81795408476,0.412581795408476,6419.1337890625,0.0064191337890625,0.2029115337785,2.03330874162557
"75","mins74","site49","GBR","P2",9,0.921,0.539990593428793,-12.4,0.992,0.244327288743482,28.0338461538462,28.2091666666667,6140.40961538462,0,29.9828269230769,28.4519583333333,"y","casuarina","pori_algae","Porites","wh 4","site49",2878.13515630985,0.287813515630985,3732.04223632812,0.00373204223632812,0.1383296625145,2.08063484287628
"76","mins75","site49","GBR","P4",17.6,0.338,5.01921425614534,-12.9,0.983,0.358683474860139,28.0861538461538,28.2441666666667,6140.40961538462,0,29.9828269230769,28.4519583333333,"y","casuarina","pori_algae","Porites","wh 4","site49",2878.13515630985,0.287813515630985,3732.04223632812,0.00373204223632812,0.1383296625145,2.08063484287628
"77","mins76","site48","GBR","P1",13.8,0.992,0.251999975498312,NA,NA,NA,28.1776,NA,6463.538,NA,29.45822,NA,"y","casuarina","acro_algae","Acropora","wh 3","site48_pump",4125.81795408476,0.412581795408476,6419.1337890625,0.0064191337890625,0.2029115337785,2.03330874162557
"78","mins77","site48","GBR","P3",15.1,0.974,0.517655855038084,NA,NA,NA,28.0248,NA,6463.538,NA,29.45822,NA,"y","casuarina","acro_algae","Acropora","wh 3","site48_pump",4125.81795408476,0.412581795408476,6419.1337890625,0.0064191337890625,0.2029115337785,2.03330874162557
"79","mins78","site49","GBR","P2",12,0.984,0.322183826902392,NA,NA,NA,28.2152,NA,5707.48,NA,29.31228,NA,"y","casuarina","pori_algae","Porites","wh 4","site49_pump",2878.13515630985,0.287813515630985,3732.04223632812,0.00373204223632812,0.1383296625145,2.08063484287628
"80","mins79","site49","GBR","P4",12,0.861,1.00789653014953,NA,NA,NA,28.2792,NA,5707.48,NA,29.31228,NA,"y","casuarina","pori_algae","Porites","wh 4","site49_pump",2878.13515630985,0.287813515630985,3732.04223632812,0.00373204223632812,0.1383296625145,2.08063484287628
"81","mins80","site50","GBR","P3",27.3,0.932,1.34779037209841,-15.3,0.994,0.254871761978668,26.8875,27.275,8387.8140625,295.78125,28.652546875,27.6407916666667,"y","casuarina","soft x2 again","Soft coral","wh 3","site50",4473.4230323902,0.44734230323902,4382.8427734375,0.0043828427734375,0.1721232086255,2.59896562939593
"82","mins81","site51","GBR","P2",18.9,0.905,1.2793063144754,-5.8,0.864,0.545232320600924,26.84,26.893,6606.476,4.31,28.62724,27.0652,"y","casuarina","seagrass 2","Seagrass","bl 1","site51",2386.79227192083,0.238679227192083,1390.50061035156,0.00139050061035156,0.2142962375405,1.11378169738969
"83","mins82","site52","GBR","P1",13.5,0.989,0.297376946707456,-7.8,0.974,0.262933174842937,27.3430769230769,27.4115384615385,8876.13076923077,115.503846153846,28.9492692307692,27.6276153846154,"y","casuarina","baby pver","Pocillopora","wh 4","site52",2859.71736083698,0.285971736083698,2264.21459960938,0.00226421459960938,0.1860431402505,1.53712593594501
"84","mins83","site52","GBR","P4",13.3,0.981,0.372238985495292,-7.8,0.964,0.308801419842546,27.2923076923077,27.3838461538462,8876.13076923077,115.503846153846,28.9492692307692,27.6276153846154,"y","casuarina","baby pver","Pocillopora","wh 4","site52",2859.71736083698,0.285971736083698,2264.21459960938,0.00226421459960938,0.1860431402505,1.53712593594501
"85","mins84","site53","GBR","P2",11.6,0.941,0.604772631393856,-4.4,0.876,0.363584958191097,27.292,27.395652173913,35106.016,479.226086956522,28.92952,27.6570434782609,"y","casuarina","seagrass 3","Seagrass","bl 1","site53",2750.32227805343,0.275032227805343,1491.951171875,0.001491951171875,0.2138040044535,1.28637547509153
"86","mins85","site50","GBR","P3",17.5,0.988,0.395364834298193,NA,NA,NA,27.1912,NA,8094.722,NA,29.19282,NA,"y","casuarina","soft x2 again","Soft coral","wh 3","site50_pump",4473.4230323902,0.44734230323902,4382.8427734375,0.0043828427734375,0.1721232086255,2.59896562939593
"87","mins86","site52","GBR","P1",29.7,0.878,2.31087795726376,NA,NA,NA,27.4536,NA,8459.608,NA,29.09868,NA,"y","casuarina","baby pver","Pocillopora","wh 4","site52_pump",2859.71736083698,0.285971736083698,2264.21459960938,0.00226421459960938,0.1860431402505,1.53712593594501
"88","mins87","site52","GBR","P4",38.3,0.884,2.89434168500453,NA,NA,NA,27.6584,NA,8459.608,NA,29.09868,NA,"y","casuarina","baby pver","Pocillopora","wh 4","site52_pump",2859.71736083698,0.285971736083698,2264.21459960938,0.00226421459960938,0.1860431402505,1.53712593594501
"89","mins88","site54","GBR","P2",39,0.992,0.407543570498968,-32.7,0.987,0.754884272322561,27.4954430379747,27.4977777777778,7220.29113924051,631.481481481482,29.1003924050633,27.6942592592593,"y","horseshoe","Acro_fish","Acropora","wh 4","site54",6478.24158620373,0.647824158620373,8235.6396484375,0.0082356396484375,0.190523080614,3.40023978476847
"90","mins89","site55","GBR","P1",43.4,0.994,0.36340863785527,-50.7,0.995,0.77024515056782,27.5080487804878,27.724,10999.1951219512,0,28.3921097560976,27.9016,"y","horseshoe","big_poc","Pocillopora","bl 1","site55",8589.50073000353,0.858950073000353,12245.6455078125,0.0122456455078125,0.2314567134255,3.71106139151512
"91","mins90","site55","GBR","P3",41,0.994,0.362895810586677,-52.3,0.988,1.18192806424962,27.4878048780488,27.6176,10999.1951219512,0,28.3921097560976,27.9016,"y","horseshoe","big_poc","Pocillopora","bl 1","site55",8589.50073000353,0.858950073000353,12245.6455078125,0.0122456455078125,0.2314567134255,3.71106139151512
"92","mins91","site56","GBR","P4",28.8,0.999,0.10966745984647,-14.4,0.972,0.507598552202518,27.306,27.6008,7359.675,2.372,28.7417,27.79538,"y","horseshoe","big_soft","Soft coral","wh 3","site56",8348.67406569329,0.834867406569329,17787.513671875,0.017787513671875,0.2420449730845,3.44922431534188
"93","mins92","site54","GBR","P2",30.2,0.991,0.530331394996234,NA,NA,NA,27.91375,NA,5075.20625,NA,29.28025,NA,"y","horseshoe","Acro_fish","Acropora","bl 1","site54_swap",6478.24158620373,0.647824158620373,8235.6396484375,0.0082356396484375,0.190523080614,3.40023978476847
"94","mins93","site55","GBR","P1",69.5,0.988,1.70035826707892,NA,NA,NA,27.975652173913,NA,8113.21086956522,NA,29.0852826086957,NA,"y","horseshoe","big_poc","Pocillopora","wh 4","site55_swap",8589.50073000353,0.858950073000353,12245.6455078125,0.0122456455078125,0.2314567134255,3.71106139151512
"95","mins94","site55","GBR","P3",69.6,0.989,1.58849755208252,NA,NA,NA,27.8713043478261,NA,8113.21086956522,NA,29.0852826086957,NA,"y","horseshoe","big_poc","Pocillopora","wh 4","site55_swap",8589.50073000353,0.858950073000353,12245.6455078125,0.0122456455078125,0.2314567134255,3.71106139151512
"96","mins95","site56","GBR","P4",26,0.994,0.48613274358362,NA,NA,NA,27.8433333333333,NA,7625.66666666667,NA,29.202,NA,"y","horseshoe","big_soft","Soft coral","wh 3","site56_swap",8348.67406569329,0.834867406569329,17787.513671875,0.017787513671875,0.2420449730845,3.44922431534188
"97","mins96","site57","GBR","P2",45.9,0.992,0.844953542092259,-19.8,0.993,0.363610871535827,28.5224,28.3508333333333,6675.364,0,29.83668,28.571625,"y","Casuarina","sarm_clean","Acropora","wh 4","site57",4824.70718547035,0.482470718547035,7190.703125,0.007190703125,0.2009404773085,2.4010628670216
"98","mins97","site58","GBR","P1",55.8,0.998,0.534846921782466,-49.5,0.999,0.362962399034582,28.496,28.412,5724.69,141.226,29.63242,28.54908,"y","Casuarina","sarm_big","Acropora","wh 3","site58",7484.92150198544,0.748492150198544,13874.01953125,0.01387401953125,0.201507155051,3.71446934481858
"99","mins98","site59","GBR","P3",51.8,0.961,2.12057695368613,-28.2,0.997,0.334798007961593,28.8946153846154,28.32,2583.35,0,29.0911153846154,28.5964583333333,"y","Casuarina","sarm_alg","Acropora","bl 1","site59",6215.79971545551,0.621579971545551,11848.8427734375,0.0118488427734375,0.2202550248605,2.82209212679362
"100","mins99","site59","GBR","P4",43,0.969,1.56298903273153,-27.2,0.991,0.551059637380759,28.7592307692308,28.4066666666667,2583.35,0,29.0911153846154,28.5964583333333,"y","Casuarina","sarm_alg","Acropora","bl 1","site59",6215.79971545551,0.621579971545551,11848.8427734375,0.0118488427734375,0.2202550248605,2.82209212679362
"101","mins100","site60","GBR","P2",63.2,0.968,2.04619396212732,-41.7,0.996,0.537186737498377,27.6636363636364,27.8728,9028.67878787879,514.516,28.9227878787879,28.08376,"y","horseshoe","Amillepora","Acropora","wh 4","site60",7738.69973109943,0.773869973109943,18822.775390625,0.018822775390625,0.207512404437,3.72927090893444
"102","mins101","site61","GBR","P1",39,0.976,1.15804779221168,-20.1,0.996,0.23900242848944,27.8686666666667,27.9361290322581,8840.79666666667,4406.62258064516,28.9031333333333,28.7393548387097,"y","horseshoe","dead stag","Turf_dead","bl 1","site61",7110.23771897652,0.711023771897652,2063.24438476562,0.00206324438476562,0.211579282277,3.36055479650781
"103","mins102","site61","GBR","P4",33.4,0.974,1.04063052745812,-18.8,0.994,0.280659504766873,27.7493333333333,27.9232258064516,8840.79666666667,4406.62258064516,28.9031333333333,28.7393548387097,"y","horseshoe","dead stag","Turf_dead","bl 1","site61",7110.23771897652,0.711023771897652,2063.24438476562,0.00206324438476562,0.211579282277,3.36055479650781
"104","mins103","site62","GBR","P3",35.5,0.972,1.16574644338532,-22,0.985,0.560137070218043,NA,27.8896,8094.49166666667,61.568,29.3988833333333,28.14516,"y","horseshoe","mid poc","Pocillopora","wh 3","site62",5028.92903514659,0.502892903514659,5854.56982421875,0.00585456982421875,0.2069810917495,2.42965625151542
"105","mins104","site63","GBR","P2",15.8,0.789,2.72794604483061,-24.9,0.565,8.90579104485071,27.8690909090909,27.9775,8611.16363636364,446.7125,29.0887272727273,28.159,"y","horseshoe","mid pori","Porites","wh 4","site63",2955.7021293167,0.29557021293167,3357.806,0.003357806,0.201084222557,1.46988266495093
"106","mins105","sand01","GBR","P3",6,0.528,2.14303350244293,-6,0.208,4.13411527305532,27.6,27.958,11137.1111111111,19.92,29.8217777777778,28.20355,"y","horseshoe","sand","Sand","wh 3","sand01",2827.43338823081,0.282743338823081,0,0,0.282743338823081,1
"107","mins106","site64","GBR","P3",29,0.974,1.02340388205763,-22.8,0.937,0.99858143278431,27.4017391304348,27.4162162162162,39266.9260869565,707.513513513514,29.0052173913043,27.7084594594595,"y","Mermaids Cove","poc patch","Pocillopora","wh 4","site64",5701.94640750504,0.570194640750504,7423.94287109375,0.00742394287109375,0.19097646449,2.98568015840696
"108","mins107","site64","GBR","P4",23.7,0.886,1.84721075458026,-30.5,0.921,1.51304750647753,27.4304347826087,27.4762162162162,39266.9260869565,707.513513513514,29.0052173913043,27.7084594594595,"y","Mermaids Cove","poc patch","Pocillopora","wh 4","site64",5701.94640750504,0.570194640750504,7423.94287109375,0.00742394287109375,0.19097646449,2.98568015840696
"109","mins108","site65","GBR","P1",9.4,0.976,0.287318225679637,-9.4,0.923,0.544572476154518,27.5442857142857,27.3481481481481,7348.71071428571,143.725925925926,28.4775892857143,27.4918518518519,"y","Mermaids Cove","blue stag","Acropora","wh 3","site65",3739.99698246616,0.373999698246616,2380.97387695312,0.00238097387695312,0.184645554994,2.0255006856719
"110","mins109","site66","GBR","P2",18.4,0.961,0.707680105480384,-24.7,0.99,0.433962545701383,27.4124137931034,27.4072222222222,19045.524137931,751.086111111111,28.7544827586207,27.6271111111111,"y","Mermaids Cove","soft patch","Soft coral","bl 1","site66",5512.95406076692,0.551295406076692,12579.5439453125,0.0125795439453125,0.195065333326,2.82620902790219
"111","mins110","site67","GBR","P1",15.4,0.793,2.77698795015358,-14.9,0.582,5.15124609747635,27.576,27.34,7267.83,234.1375,28.4367,27.54225,"y","Mermaids Cove","dead stag long","Turf_dead","wh 3","site67",4032.11910194078,0.403211910194078,2689.24682617188,0.00268924682617188,0.174816188755,2.30649068067242
"112","mins111","site64","GBR","P3",16.4,0.961,0.650131166278341,NA,NA,NA,27.3871428571429,NA,19332.0678571429,NA,28.7402857142857,NA,"y","Mermaids Cove","poc patch","Pocillopora","wh 4","site64_pump",5701.94640750504,0.570194640750504,7423.94287109375,0.00742394287109375,0.19097646449,2.98568015840696
"113","mins112","site64","GBR","P4",20.5,0.799,2.01688286944759,NA,NA,NA,27.4714285714286,NA,19332.0678571429,NA,28.7402857142857,NA,"y","Mermaids Cove","poc patch","Pocillopora","wh 4","site64_pump",5701.94640750504,0.570194640750504,7423.94287109375,0.00742394287109375,0.19097646449,2.98568015840696
"114","mins113","site66","GBR","P2",19.4,0.961,0.850852239746992,NA,NA,NA,27.5382608695652,NA,29936.9130434783,NA,29.023,NA,"y","Mermaids Cove","soft patch","Soft coral","bl 1","site66_pump",5512.95406076692,0.551295406076692,12579.5439453125,0.0125795439453125,0.195065333326,2.82620902790219
"115","mins114","site68","GBR","P2",48.7,0.992,0.838981910392849,-23.5,0.994,0.41747194499347,28.1227586206897,28.26,13267.1517241379,414.955,30.4831724137931,28.5653,"y","Casuarina","goni lobes","Mound_other","wh 3","site68",5091.4104377164,0.50914104377164,11758.013671875,0.011758013671875,0.1849419256,2.75297795305123
"116","mins115","site69","GBR","P3",12.5,0.865,0.973479680435548,-4.6,0.895,0.362430053282491,28.2357142857143,28.2980952380952,16139.8,21.0190476190476,30.27675,28.5696666666667,"y","Casuarina","small goni","Mound_other","wh 4","site69",2379.50096303704,0.237950096303704,1174.51818847656,0.00117451818847656,0.1989441827,1.19606461005459
"117","mins116","site70","GBR","P1",34.1,0.969,2.02259958738971,-36,0.976,1.34500095965953,28.4472727272727,28.41,8423.27272727273,0,29.5701818181818,28.54525,"y","Casuarina","algae patch","Turf_dead","bl 1","site70",5003.02802183891,0.500302802183891,15243.818359375,0.015243818359375,0.21723586752,2.30303958501618
"118","mins117","site70","GBR","P4",37.2,0.976,1.9542517984711,-36.2,0.991,0.800719521155419,28.4272727272727,28.391,8423.27272727273,0,29.5701818181818,28.54525,"y","Casuarina","algae patch","Turf_dead","bl 1","site70",5003.02802183891,0.500302802183891,15243.818359375,0.015243818359375,0.21723586752,2.30303958501618
"119","mins118","sand02","GBR","P3",1.3,0.364,0.412370201527861,2.8,0.482,1.11091268069422,28.302,28.2466666666667,10763.965,11.9666666666667,29.69325,28.456,"y","Casuarina","sand","Sand","wh 4","sand02",2827.43338823081,0.282743338823081,0,0,0.282743338823081,1
"120","mins119","site68","GBR","P2",29,0.983,0.886633765386335,NA,NA,NA,28.395,NA,6320.58,NA,29.277,NA,"y","Casuarina","goni lobes","Mound_other","wh 3","site68_pump",5091.4104377164,0.50914104377164,11758.013671875,0.011758013671875,0.1849419256,2.75297795305123
"121","mins120","site70","GBR","P1",44.3,0.982,1.37942020193417,NA,NA,NA,28.2990476190476,NA,11415.9571428571,NA,29.7189047619048,NA,"y","Casuarina","algae patch","Turf_dead","bl 1","site70_pump",5003.02802183891,0.500302802183891,15243.818359375,0.015243818359375,0.21723586752,2.30303958501618
"122","mins121","site70","GBR","P4",43.4,0.991,0.968974521752587,NA,NA,NA,28.3047619047619,NA,11415.9571428571,NA,29.7189047619048,NA,"y","Casuarina","algae patch","Turf_dead","bl 1","site70_pump",5003.02802183891,0.500302802183891,15243.818359375,0.015243818359375,0.21723586752,2.30303958501618
"123","mins122","hi01","Hawaii","P0",117.9,0.997,1.75404139633124,-85.2,0.977,4.67079707018953,27.0705882352941,27.116,7896.95,8.615,28.795,27.5913,"y","kbay_A","porites","P. compressa","OG","hi01",7212.263,0.7212263,19914.648,0.019914648,0.237582944427728,3.03568213508438
"124","mins123","hi02","Hawaii","P0",16.6,0.831,2.07484403277329,-44,0.991,1.51757382127875,27.0453333333333,26.838,13852.4966666667,0,28.5851666666667,27.24205,"y","kbay_A","monti","M. capitata","OG","hi02",6629.196,0.6629196,6107.913,0.006107913,0.237582944427728,2.79026594942154
"125","mins124","hi03","Hawaii","P0",47.1,0.954,2.97204839970928,-77.7,0.991,2.74392064919901,26.69,26.6688888888889,3250.71071428571,0,27.9795357142857,27.146,"y","kbay_A","pdam","P. damicornis","OG","hi03",7228.795,0.7228795,17798.654,0.017798654,0.237582944427728,3.04264054703597
"126","mins125","hi05","Hawaii","P0",32.2,0.974,1.39946718552503,-59.3,0.973,3.70756412568035,27.1325,27.1844444444444,6418.009375,0,28.270375,27.6543888888889,"y","kbay_A","por_mont","P. compressa","OG","hi05",7107.643,0.7107643,9763.54,0.00976354,0.237582944427728,2.9916469875901
"127","mins126","hi06","Hawaii","P0",15.6,0.966,0.882859184626821,-20.2,0.879,2.49443825784921,27.0538461538462,27.0181818181818,4481.11923076923,122.318181818182,27.8054230769231,27.4503636363636,"y","kbay_A","monti_spire","M. capitata","OG","hi06",6043.393,0.6043393,3184.701,0.003184701,0.237582944427728,2.54369816594237
"128","mins127","hi07","Hawaii","P0",26.2,0.87,3.583453454326,-60.1,0.982,2.31969666847617,26.932,26.9014285714286,1502.65,0,27.92165,27.3070357142857,"y","kbay_A","monti_dense","M. capitata","OG","hi07",9314.841,0.9314841,15435.74,0.01543574,0.237582944427728,3.92066906251915
"129","mins128","hi08","Hawaii","P0",75,0.983,4.46071285599914,-79.5,0.941,8.15048839477227,27.5650793650794,27.4326388888889,10087.321761936,13.454888020875,28.4137698412698,27.9675,"y","kbay_A","comp_mound","P. compressa","OG","hi08",5431.845,0.5431845,13820.232,0.013820232,0.237582944427728,2.28629416689982
"130","mins129","hi09","Hawaii","P0",24.7,0.831,3.21650935888925,-27,0.957,2.03098134304437,27.5007936507936,27.4366666666667,5154.3753881112,24.75699395841,28.9709523809524,28.0555555555556,"y","kbay_A","small_pdam","P. damicornis","OG","hi09",4033.413,0.4033413,2958.541,0.002958541,0.237582944427728,1.69768625846244
"131","mins130","hi11","Hawaii","P0",28.4,0.973,1.1906690932509,-44.6,0.942,3.32880639494367,27.9077777777778,27.9630769230769,6501.41944444444,7.03846153846154,29.4881111111111,28.5213076923077,"y","kbay_A","bare_lept","Rock/Turf","OG","hi11",5299.075,0.5299075,6004.232,0.006004232,0.237582944427728,2.2304105257909
"132","mins131","hi12","Hawaii","P0",27,0.992,1.73205080756915,-43.3,0.973,2.2922596211027,27.815,27.725,3024.6625,17.4958333333333,29.1775,28.138375,"y","kbay_A","brown_mont","M. capitata","OG","hi12",5895.24,0.589524,10276.611,0.010276611,0.237582944427728,2.48133973345604
"133","mins132","hi13","Hawaii","P0",53.9,0.985,2.37354763118464,-20.6,0.848,2.76635083700458,NA,26.6733333333333,12260.9730769231,0,28.5476153846154,27.1159583333333,"y","kbay_A","por_poc","P. compressa","OG","hi13",5587.881,0.5587881,2702.8,0.0027028,0.237582944427728,2.35197059850389
"134","mins133","hi14","Hawaii","P0",33.9,0.961,1.71432591148786,-25.5,0.76,3.97103672270374,26.9,26.9493333333333,11591.5972222222,535.683333333334,28.5555277777778,27.4391,"y","kbay_A","poc_med1","P. damicornis","OG","hi14",5895.415,0.5895415,2433.776,0.002433776,0.237582944427728,2.4814133919421
"135","mins134","hi15","Hawaii","P0",24.4,0.979,0.952677238061767,-28.1,0.979,0.974363761664818,27.00125,26.989,9719.84375,2.4225,28.44390625,27.37735,"y","kbay_A","mont_poc","M. capitata","OG","hi15",5292.911,0.5292911,6011.013,0.006011013,0.237582944427728,2.22781606345909
"136","mins135","hi16","Hawaii","P0",38.6,0.976,1.68848874555074,-41.9,0.968,2.30477671296184,27.0706666666667,27.0615384615385,8283.95333333333,5.38461538461538,28.8137,27.5704615384615,"y","kbay_A","poc_med2","P. damicornis","OG","hi16",6256.225,0.6256225,4158.786,0.004158786,0.237582944427728,2.63328035397049
"137","mins136","hi17","Hawaii","P0",17.4,0.739,4.62052013838316,-12.5,0.706,3.61050055888575,NA,26.9514285714286,11831.74,369.064285714286,28.6299,27.335,"y","kbay_A","fungid","Lobactis","OG","hi17",3546.387,0.3546387,2394.322,0.002394322,0.237582944427728,1.49269427085445
"138","mins137","hi18","Hawaii","P0",15.8,0.955,0.947969407133083,-13.6,0.826,2.20025877099045,26.2773333333333,26.236,1364.51333333333,172.765,26.683,26.5365,"y","kbay_B","mcap_sand","M. capitata","OG","hi18",4741.23,0.474123,1963.424,0.001963424,0.237582944427728,1.99561042204453
"139","mins138","hi20","Hawaii","P0",32.5,0.889,3.62042634487652,-36.3,0.513,11.1757207806326,27.5766666666667,27.3633333333333,15277.6541666667,613.545833333333,28.8475208333333,27.6612708333333,"y","kbay_B","brown_mcap2","M. capitata","OG","hi20",7524.94,0.752494,9609.329,0.009609329,0.237582944427728,3.16728964620146
"140","mins139","hi23","Hawaii","P0",25.2,0.97,1.46930641483643,-23,0.778,7.09459888459739,27.2963636363636,27.204,3884.80909090909,193.215,28.4072045454545,27.50265,"y","kbay_C","fluffy_por","M. capitata","OG","hi23",6047.75,0.604775,5043.974,0.005043974,0.237582944427728,2.54553205179242
"141","mins140","hi30","Hawaii","P0",59.5,0.783,6.68615460924921,-111.1,0.851,13.4067074996646,27.9925925925926,28.2420634920635,8432.62681894972,661.596065255025,29.5164814814815,28.7810813492064,"y","kbay_A","lagoon_pcom","P. compressa","OG","hi30",7677.59,0.767759,12321.296,0.012321296,0.237582944427728,3.23154089132669
"142","mins141","hi31","Hawaii","P0",25.8,0.662,5.56133187708604,-21,0.817,5.74456264653763,28.9128205128205,29,7127.36468207335,0,30.554188034188,29.2572222222222,"y","kbay_A","lagoon_mcap","M. capitata","OG","hi31",5958.81,0.595881,10634.53,0.01063453,0.237582944427728,2.50809670464904
"143","mins142","hi32","Hawaii","P0",100.3,0.889,11.2120704563134,-167.6,0.974,6.80662904952585,NA,29.1,6033.9406393044,295.858037703463,30.5422023809524,29.4385725308642,"y","kbay_A","large_pcom","P. compressa","OG","hi32",9172.05,0.917205,37043.256,0.037043256,0.237582944427728,3.86056752604567
"144","mins143","hi33","Hawaii","P0",17.1,0.745,3.16087268171262,-17.9,0.668,4.20884983056352,28.7782407407407,28.6484848484849,4297.49123386747,142.866447348927,29.6043402777778,28.9459217171717,"y","kbay_A","pdam_rock2","P. damicornis","OG","hi33",4988.22,0.498822,4212.951,0.004212951,0.237582944427728,2.09956990474011
"145","mins144","hi34","Hawaii","P0",99.8,0.966,5.21947970023665,-74,0.978,3.49418337942316,26.9774074074074,27.0611111111111,17186.5563638379,41.26165659735,29.1459074074074,27.3456944444444,"y","kbay_A","pcom_round","P. compressa","OG","hi34",7251.3,0.72513,24855.972,0.024855972,0.237582944427728,3.05211302834317
"146","mins145","hi35","Hawaii","P0",115.5,0.85,14.0077781280966,-114.3,0.952,7.78224503348099,27.4404761904762,27.3611111111111,28249.6906759431,0,29.3970138888889,27.6750427350427,"y","kbay_A","pcom_med","P. compressa","OG","hi35",7696.14,0.769614,7069.284,0.007069284,0.237582944427728,3.23934869084895
"147","mins146","hi36","Hawaii","P0",16,0.901,1.47258214320908,-23.5,0.982,0.995941034572816,27.05,26.8722222222222,9974.556986142,0,28.2253888888889,27.1671527777778,"y","kbay_A","rock","Rock/Turf","OG","hi36",4923.09,0.492309,6362.376,0.006362376,0.237582944427728,2.0721563207571
